Country,Genotype
DRC,SS
DRC,SS
DRC,SS
DRC,SS
DRC,SS
DRC,SS
DRC,SS
DRC,SS
DRC,SS
DRC,SS
DRC,AA
DRC,AA
DRC,AA
DRC,AA
DRC,AA
DRC,AA
DRC,AA
DRC,AA
DRC,AA
DRC,AA
DRC,AA
DRC,AA
DRC,AA
DRC,AA
DRC,AA
DRC,AA
DRC,AA
DRC,AA
DRC,AA
DRC,AA
DRC,SA
DRC,SA
DRC,SA
DRC,SA
DRC,SA
DRC,SA
DRC,SA
DRC,SA
DRC,SA
DRC,SA
DRC,SA
DRC,SA
DRC,SA
DRC,SA
DRC,SA
DRC,SA
DRC,SA
DRC,SA
DRC,SA
DRC,SA
DRC,SA
DRC,SA
DRC,SA
DRC,SA
DRC,SA
DRC,SA
DRC,SA
DRC,SA
DRC,SA
DRC,SA
DRC,SA
DRC,SA
DRC,SA
DRC,SA
DRC,SA
DRC,SA
DRC,SA
DRC,SA
DRC,SA
DRC,SA
DRC,SA
DRC,SA
DRC,SA
DRC,SA
DRC,SA
DRC,SA
DRC,SA
DRC,SA
DRC,SA
DRC,SA
DRC,SA
DRC,SA
DRC,SA
DRC,SA
DRC,SA
DRC,SA
DRC,SA
DRC,SA
DRC,SA
DRC,SA
DRC,SA
DRC,SA
DRC,SA
DRC,SA
DRC,SA
DRC,SA
DRC,SA
DRC,SA
DRC,SA
DRC,SA
Iceland,SS
Iceland,SS
Iceland,SA
Iceland,SA
Iceland,SA
Iceland,SA
Iceland,SA
Iceland,SA
Iceland,SA
Iceland,SA
Iceland,SA
Iceland,SA
Iceland,AA
Iceland,AA
Iceland,AA
Iceland,AA
Iceland,AA
Iceland,AA
Iceland,AA
Iceland,AA
Iceland,AA
Iceland,AA
Iceland,AA
Iceland,AA
Iceland,AA
Iceland,AA
Iceland,AA
Iceland,AA
Iceland,AA
Iceland,AA
Iceland,AA
Iceland,AA
Iceland,AA
Iceland,AA
Iceland,AA
Iceland,AA
Iceland,AA
Iceland,AA
Iceland,AA
Iceland,AA
Iceland,AA
Iceland,AA
Iceland,AA
Iceland,AA
Iceland,AA
Iceland,AA
Iceland,AA
Iceland,AA
Iceland,AA
Iceland,AA
Iceland,AA
Iceland,AA
Iceland,AA
Iceland,AA
Iceland,AA
Iceland,AA
Iceland,AA
Iceland,AA
Iceland,AA
Iceland,AA
Iceland,AA
Iceland,AA
Iceland,AA
Iceland,AA
Iceland,AA
Iceland,AA
Iceland,AA
Iceland,AA
Iceland,AA
Iceland,AA
Iceland,AA
Iceland,AA
Iceland,AA
Iceland,AA
Iceland,AA
Iceland,AA
Iceland,AA
Iceland,AA
Iceland,AA
Iceland,AA
Iceland,AA
Iceland,AA
Iceland,AA
Iceland,AA
Iceland,AA
Iceland,AA
Iceland,AA
Iceland,AA
Iceland,AA
Iceland,AA
Iceland,AA
Iceland,AA
Iceland,AA
Iceland,AA
Iceland,AA
Iceland,AA
Iceland,AA
Iceland,AA
Iceland,AA
Iceland,AA
Costa Rica,SS
Costa Rica,SS
Costa Rica,SS
Costa Rica,SS
Costa Rica,SA
Costa Rica,SA
Costa Rica,SA
Costa Rica,SA
Costa Rica,SA
Costa Rica,SA
Costa Rica,SA
Costa Rica,SA
Costa Rica,SA
Costa Rica,SA
Costa Rica,SA
Costa Rica,SA
Costa Rica,SA
Costa Rica,SA
Costa Rica,SA
Costa Rica,SA
Costa Rica,SA
Costa Rica,SA
Costa Rica,SA
Costa Rica,SA
Costa Rica,SA
Costa Rica,SA
Costa Rica,SA
Costa Rica,SA
Costa Rica,SA
Costa Rica,SA
Costa Rica,SA
Costa Rica,SA
Costa Rica,SA
Costa Rica,SA
Costa Rica,AA
Costa Rica,AA
Costa Rica,AA
Costa Rica,AA
Costa Rica,AA
Costa Rica,AA
Costa Rica,AA
Costa Rica,AA
Costa Rica,AA
Costa Rica,AA
Costa Rica,AA
Costa Rica,AA
Costa Rica,AA
Costa Rica,AA
Costa Rica,AA
Costa Rica,AA
Costa Rica,AA
Costa Rica,AA
Costa Rica,AA
Costa Rica,AA
Costa Rica,AA
Costa Rica,AA
Costa Rica,AA
Costa Rica,AA
Costa Rica,AA
Costa Rica,AA
Costa Rica,AA
Costa Rica,AA
Costa Rica,AA
Costa Rica,AA
Costa Rica,AA
Costa Rica,AA
Costa Rica,AA
Costa Rica,AA
Costa Rica,AA
Costa Rica,AA
Costa Rica,AA
Costa Rica,AA
Costa Rica,AA
Costa Rica,AA
Costa Rica,AA
Costa Rica,AA
Costa Rica,AA
Costa Rica,AA
Costa Rica,AA
Costa Rica,AA
Costa Rica,AA
Costa Rica,AA
Costa Rica,AA
Costa Rica,AA
Costa Rica,AA
Costa Rica,AA
Costa Rica,AA
Costa Rica,AA
Costa Rica,AA
Costa Rica,AA
Costa Rica,AA
Costa Rica,AA
Costa Rica,AA
Costa Rica,AA
Costa Rica,AA
Costa Rica,AA
Costa Rica,AA
Costa Rica,AA
Costa Rica,AA
Costa Rica,AA
